﻿CaseNumber,Priority,Status,Account_Type,Product Component,Assigned To
00089613,Low,Customer Action,Standard,Robot,William Dalton
00087593,Medium,Customer Action,Standard,Partner Product,Sunil Kumar
00087752,Medium,Customer Action,Standard,Studio,Jishnu Kumar
00048296,Medium,In Process,Standard,Studio,Jishnu Kumar
00053594,Medium,Customer Action,Standard,Robot,Jishnu Kumar
00062448,Medium,In Process,Standard,Studio,Cristina Dumitrescu
00059123,Medium,In Process,Standard,Studio,Cristina Dumitrescu
00061026,Medium,Customer Action,Standard,Robot,Jishnu Kumar
00037416,Low,In Process,Standard,Studio,Sanya Bhasin
00089653,High,Customer Action,Standard,Studio,Sanya Bhasin
00081080,Medium,In Process,Standard,Partner Product,Sunil Kumar
00082711,Medium,In Process,Standard,Studio,Eric Jin
00082931,Medium,In Process,Standard,Studio,Eric Jin
00084788,Medium,Customer Action,Standard,Partner Product,Sunil Kumar
00090602,Medium,Customer Action,Standard,Studio,Yoshiya Akiyama
00092775,High,In Process,Standard,Partner Product,Sunil Kumar
00093401,Medium,Customer Action,Standard,Robot,Souvik Chatterjee
00088715,Medium,Customer Action,Standard,Orchestrator,Pawan Rathore
00093608,Medium,In Process,Standard,Studio,Eric Jin
00093676,Low,Customer Action,Standard,Studio,Souvik Chatterjee
00093754,Medium,Customer Action,Standard,Studio,Nilekha Repaka
00095897,Medium,Customer Action,Standard,Robot,Jishnu Kumar
00095938,Medium,Customer Action,Standard,Orchestrator,Nilekha Repaka
00096305,Medium,Customer Action,Premium,Robot,Vladimir Bejan
00095881,Medium,Customer Action,Standard,Orchestrator,Nilekha Repaka
00096656,High,Customer Action,Standard,Robot,Vladimir Bejan
00097301,Medium,Customer Action,Standard,Studio,Jishnu Kumar
00097423,High,Customer Action,Standard,Orchestrator,Dov Banach
00098035,High,In Process,Standard,Partner Product,Nilekha Repaka
00097887,Medium,Customer Action,Standard,Studio,Jishnu Kumar
00098461,Low,Customer Action,Standard,Robot,Vincent Lai
00098657,Medium,Customer Action,Standard,Partner Product,Sunil Kumar
00098879,Medium,Customer Action,Standard,Orchestrator,Abhyudai Chirumalla
00098310,Low,Customer Action,Standard,Robot,Souvik Chatterjee
00099449,High,In Process,Standard,Partner Product,Catalin Cojocaru
00100298,Medium,In Process,Standard,Orchestrator,Ashwani Kumar
00101114,High,In Process,Standard,Studio,Pawan Rathore
00101498,High,In Process,Standard,Studio,Souvik Chatterjee
00101194,Medium,Customer Action,Standard,Orchestrator,Jishnu Kumar
00101162,Medium,Customer Action,Standard,Robot,Mihai Dragomir
00101585,Medium,Customer Action,Standard,Studio,Dorin Varatic
00101780,High,Customer Action,Standard,Orchestrator,Nilekha Repaka
00101550,Medium,In Process,Standard,Orchestrator,Sunil Kumar
00101169,Medium,Customer Action,Standard,Orchestrator,Jishnu Kumar
00101316,Low,Customer Action,Standard,Studio,Max Lillo
00103184,High,Customer Action,Standard,Robot,Pawan Rathore
00103163,Medium,Customer Action,Standard,Orchestrator,Vladimir Bejan
00103118,Medium,Customer Action,Standard,Studio,Tejasimha K
00103356,High,Customer Action,Standard,Studio,Souvik Chatterjee
00103390,Medium,Customer Action,Standard,Orchestrator,Rigena Dibra
00103858,High,In Process,Standard,Robot,Jishnu Kumar
00103728,High,Customer Action,Standard,Studio,Pawan Rathore
00103282,Medium,Customer Action,Standard,Orchestrator,Tejasimha K
00104475,Medium,Customer Action,Standard,Orchestrator,Toru Miyazawa
00104300,High,Customer Action,Standard,Robot,Prashant Shinde
00103962,Medium,Customer Action,Standard,Orchestrator,Diptendu Patra
00104057,Medium,Customer Action,Standard,Orchestrator,Rajesh Srinivasan
00104165,Medium,In Process,Standard,Orchestrator,Nilekha Repaka
00104464,Low,In Process,Standard,Robot,Toru Miyazawa
00104807,Medium,In Process,Standard,Studio,Sunil Kumar
00104451,High,Customer Action,Standard,Robot,Souvik Chatterjee
00104457,Low,Customer Action,Standard,Portal,Deeksha Vashishtha
00104223,High,In Process,Standard,Studio,Jishnu Kumar
00104811,Medium,In Process,Standard,Partner Product,Sunil Kumar
00104859,Low,Customer Action,Standard,Orchestrator,Julien Vavasseur
00105508,Medium,Customer Action,Standard,Studio,Justin Sluka
00104895,Medium,Customer Action,Standard,Orchestrator,Pranaya Sahu
00105062,Medium,Customer Action,Standard,Orchestrator,Nilekha Repaka
00105479,Medium,Customer Action,Standard,Partner Product,Max Lillo
00104912,Medium,In Process,Standard,Studio,Sunil Kumar
00105049,Low,Customer Action,Standard,Studio,Prashant Shinde
00104977,Medium,Customer Action,Standard,Orchestrator,Justin Sluka
00105428,High,In Process,Standard,Studio,Vladimir Bejan
00105612,High,Customer Action,Standard,Studio,Justin Sluka
00105582,Medium,Customer Action,Standard,Orchestrator,Diptendu Patra
00106106,Low,Customer Action,Standard,Robot,Toru Miyazawa
00105992,Medium,Customer Action,Standard,Robot,Eric Jin
00105995,Medium,In Process,Standard,Partner Product,Sunil Kumar
00106184,Medium,Customer Action,Standard,Robot,Diptendu Patra
00106121,Low,Customer Action,Premium,Orchestrator,TJ Narra
00106368,Low,Customer Action,Standard,Robot,Tejasimha K
00106174,Low,Customer Action,Standard,Robot,Toru Miyazawa
00105849,Medium,Customer Action,Standard,Studio,Dorin Varatic
00106722,High,In Process,Standard,Studio,William Dalton
00106998,Medium,Customer Action,Standard,Portal,Deeksha Vashishtha
00106956,Medium,Customer Action,Standard,Studio,Varchasv Tyagi
00106742,Medium,Customer Action,Standard,Studio,Prashant Shinde
00106527,Medium,Customer Action,Premium,Orchestrator,Vladimir Bejan
00106597,Low,Customer Action,Standard,Studio,Tejasimha K
00107154,High,Customer Action,Standard,Studio,Souvik Chatterjee
00106540,High,In Process,Standard,Robot,Jishnu Kumar
00106899,High,Customer Action,Standard,Orchestrator,Nilekha Repaka
00107111,Low,Customer Action,Standard,Studio,TJ Narra
00107077,Medium,Customer Action,Standard,Robot,TJ Narra
00107852,Low,Customer Action,Standard,Studio,Vincent Lai
00107559,Medium,Customer Action,Premium,Orchestrator,Vladimir Bejan
00107746,Medium,Customer Action,Standard,Robot,Justin Sluka
00108102,High,In Process,Standard,Orchestrator,Veronica Burnuz
00107817,Low,Customer Action,Standard,Robot,Toru Miyazawa
00107933,Low,In Process,Standard,Studio,Deeksha Vashishtha
00107725,Medium,Customer Action,Standard,Orchestrator,Naveen Sathyamoorthy
00107614,Medium,Customer Action,Standard,Robot,Naveen Sathyamoorthy
00107860,Low,Customer Action,Standard,Partner Product,Biswajeet Chhotaraya
00107587,High,Customer Action,Standard,Studio,Veronica Burnuz
00107647,Medium,Customer Action,Standard,Orchestrator,Dorin Varatic
00107600,Medium,Customer Action,Standard,Orchestrator,Jishnu Kumar
00107360,Medium,Customer Action,Standard,Orchestrator,Deeksha Vashishtha
00107692,High,Customer Action,Standard,Robot,Nilekha Repaka
00108080,High,Customer Action,Standard,Orchestrator,Prashant Shinde
00108139,High,In Process,Standard,Partner Product,Sunil Kumar
00107830,Low,Customer Action,Standard,Studio,Vincent Lai
00107764,Medium,Customer Action,Standard,Orchestrator,TJ Narra
00107754,High,Customer Action,Standard,Robot,Prashant Shinde
00107930,High,Customer Action,Standard,Orchestrator,Deeksha Vashishtha
00107675,Medium,Customer Action,Standard,Studio,Prashant Shinde
00108769,Medium,Customer Action,Standard,Robot,Sumit Vijay
00108202,Medium,Customer Action,Standard,Orchestrator,Prashant Shinde
00108462,High,Customer Action,Standard,Studio,Souvik Chatterjee
00108538,Medium,In Process,Standard,Orchestrator,Mihai Dragomir
00108314,Medium,Customer Action,Standard,Studio,Chetan Sharma
00108737,Medium,Customer Action,Standard,Orchestrator,Nilekha Repaka
00108781,Medium,Customer Action,Standard,Studio,Prashant Shinde
00108376,Medium,In Process,Standard,Orchestrator,Pawan Rathore
00108236,Low,Customer Action,Premium,Orchestrator,Tuhin Samanta
00108351,Low,Customer Action,Standard,Studio,Souvik Chatterjee
00108205,Medium,Customer Action,Standard,Orchestrator,Gourav Kumar
00108442,Medium,Customer Action,Standard,Studio,Dominic Arul Collins V
00108307,High,Customer Action,Standard,Orchestrator,Justin Sluka
00108700,Medium,Customer Action,Standard,Partner Product,Sumit Vijay
00108744,Medium,Customer Action,Standard,Studio,Tejasimha K
00108443,Medium,Customer Action,Standard,Orchestrator,Biswajeet Chhotaraya
00108885,Low,Customer Action,Standard,Partner Product,Toru Miyazawa
00108587,Medium,In Process,Standard,Orchestrator,Julien Vavasseur
00108185,Medium,Customer Action,Standard,Orchestrator,Prashant Shinde
00108803,Medium,Customer Action,Standard,Studio,Naveen Sathyamoorthy
00108575,Medium,Customer Action,Standard,Robot,Eric Jin
00108285,Medium,Customer Action,Standard,Robot,Vikash Kumar
00108883,Medium,Customer Action,Standard,Robot,Rigena Dibra
00108182,High,Customer Action,Standard,Orchestrator,Varchasv Tyagi
00108836,Medium,In Process,Standard,Robot,Vincent Lai
00108854,Medium,Customer Action,Standard,Orchestrator,Souvik Chatterjee
00108783,Medium,In Process,Standard,Studio,Varchasv Tyagi
00108504,Medium,In Process,Standard,Orchestrator,Pawan Rathore
00109349,Medium,In Process,Standard,Orchestrator,Varchasv Tyagi
00109595,Medium,In Process,Standard,Studio,Deeksha Vashishtha
00109243,High,Customer Action,Standard,Studio,Vladimir Bejan
00109668,Medium,Customer Action,Standard,Orchestrator,Sunil Kumar
00109418,High,Customer Action,Standard,Studio,Sunil Kumar
00109429,Medium,Customer Action,Standard,Orchestrator,Prashant Shinde
00109016,Low,In Process,Standard,Studio,Max Lillo
00109470,High,Customer Action,Standard,Orchestrator,Yury Fedorovsky
00108943,Medium,In Process,Standard,Robot,Souvik Chatterjee
00109295,Medium,Customer Action,Standard,Orchestrator,Prashant Shinde
00108976,Medium,Customer Action,Premium,Orchestrator,Gourav Kumar
00109298,Low,Customer Action,Standard,Robot,Dorin Varatic
00109307,High,Customer Action,Standard,Orchestrator,Mohammed Azarudeen
00109156,High,Customer Action,Standard,Studio,Dorin Varatic
00109441,Medium,Customer Action,Standard,Robot,Biswajeet Chhotaraya
00109453,Low,Customer Action,Standard,Studio,Max Lillo
00109684,Medium,In Process,Standard,Robot,Pawan Rathore
00109105,Low,Customer Action,Standard,Studio,Dominic Arul Collins V
00109248,Medium,Customer Action,Standard,Studio,Varchasv Tyagi
00108969,Medium,Customer Action,Standard,Robot,Rigena Dibra
00109089,High,Customer Action,Premium,Studio,Mahesh Kumar
00109313,Low,Customer Action,Standard,Robot,Veronica Burnuz
00109710,Low,Customer Action,Standard,Studio,Sonny Raquel
