﻿Case Number,Priority,Customer,Account Type,Enviornment,Time Remaining
00105248,Medium,Uniqa osiguranje Zagreb d.d.,Standard,Development,0 Days 16 Hours 0.033333333333303 Mins
00105258,Medium,Giesecke + Devrient GmbH,Standard,,0 Days 16 Hours 0.0166666666666515 Mins
00105246,Medium,Giesecke + Devrient GmbH,Standard,,0 Days 16 Hours 0.033333333333303 Mins
00105354,Medium,Bosch India 005386,Standard,Development,0 Days 16 Hours 0.0166666666666515 Mins
00105319,High,Cognizant,Standard,Development,0 Days 8 Hours 0.0166666666666515 Mins
00105355,Medium,Capgemini India 005604,Standard,Testing,0 Days 16 Hours 0.033333333333303 Mins
00105237,High,Cholamandalam Investment  India 010681,Standard,Development,0 Days 8 Hours 0.0333333333333599 Mins
