﻿Case Number,Priority,Customer,Account Type,Enviornment,Time Remaining
00101216,Medium,SwissRe,Standard,Production,0 Days 0 Hours 7 Mins
00103356,High,nexwave,Standard,Development,0 Days 0 Hours 24 Mins
00075671,Medium,ASML Netherlands,Standard,Development,0 Days 1 Hours 41 Mins
00091526,Medium,CRF Health UK,Standard,Production,0 Days 1 Hours 36 Mins
00093401,Medium,Dentsu Aegis Network India 006506,Standard,Production,0 Days 1 Hours 40 Mins
00099793,High,nuance,Standard,Development,0 Days 0 Hours 5 Mins
00099771,High,Emperor Watch & Jewellery (HK) Company Limited 035719,Standard,Development,0 Days 1 Hours 51 Mins
00101753,Medium,Groupama SA,Standard,Development,0 Days 0 Hours 11 Mins
00103474,Medium,Arrow Electronics 002427,Standard,Production,0 Days 0 Hours 15 Mins
00103473,Medium,,Premium,Staging,0 Days 1 Hours 41 Mins
00104493,Medium,Chevron,Standard,Development,0 Days 1 Hours 33 Mins
00104383,Medium,United Airlines,Standard,Development,0 Days 1 Hours 31 Mins
