﻿Case Number,Priority,Customer,Account Type,Enviornment,Time Overdue
00049550,Medium,Resorts World at Sentosa Pte Ltd,Standard,Development,80 Days 0 Hours 14 Mins
00065041,Medium,"Fu Tai Hua Industry (Shenzhen) Co., Ltd. 046921",Standard,Development,93 Days 1 Hours 36 Mins
00060009,Medium,Arrow Electronics 002427,Standard,Production,85 Days 1 Hours 33 Mins
00032480,Low,General Electric Company (Global) 005330,Standard,Development,177 Days 1 Hours 56 Mins
00086142,Low,Tata Steel Consulting,Standard,Development,29 Days 0 Hours 28 Mins
00101958,High,Flight Centre Australia 018071,Standard,Development,7 Days 0 Hours 8 Mins
00097996,Medium,Fenwick & West 013183,Standard,Development,16 Days 0 Hours 21 Mins
00101498,High,Grid Infocom Pvt Ltd India 006132,Standard,Development,8 Days 1 Hours 49 Mins
00104451,Urgent,Audit Services 047234,Standard,Production,0 Days 1 Hours 34 Mins
00088519,High,Nielsen,Standard,Development,13 Days 1 Hours 47 Mins
