﻿CaseNumber,Subject,CreatedDate,Priority,Status,End_Customer_s_Name__c,Related_To__c,Environment_Of_Issue__c,Account_Type__c
00065041,Get  Lotus Notes Mail Message-MailMessage Object- some fileds are empty,06/04/2019 08:35:30,Medium,Customer Action,"Fu Tai Hua Industry (Shenzhen) Co., Ltd. 046921",Studio,Development,Standard
00075671,Bot stuck while opening MsWord with extension .docm using WordApplicatioScope,06/17/2019 21:45:12,Medium,Customer Action,ASML Netherlands,Studio,Development,Standard
00091526,Bot Stops Working,07/29/2019 19:19:40,Medium,Customer Action,CRF Health UK,Robot,Production,Standard
00093401,Excel Add in is disabled after Restarting Excel( COM Add in ),08/04/2019 15:21:18,Medium,Customer Action,Dentsu Aegis Network India 006506,Robot,Production,Standard
00097996,Error when trying to use SOAP activity,08/19/2019 22:36:22,Medium,Customer Action,Fenwick & West 013183,Studio,Development,Standard
00099793,Connectivity to Oracle DB,08/23/2019 20:20:42,High,Customer Action,nuance,Studio,Development,Standard
00099771,Outlook Handling Issue,08/23/2019 19:36:12,High,Customer Action,Emperor Watch & Jewellery (HK) Company Limited 035719,Studio,Development,Standard
00101498,Creating a new ticket in reference to Case # 00093558,08/29/2019 11:43:10,High,Customer Action,Grid Infocom Pvt Ltd India 006132,Studio,Development,Standard
00101753,Get IBM Notes Mail Messages: An invalid character was found in the mail header: '.'.,08/29/2019 18:47:24,Medium,Customer Action,Groupama SA,Studio,Development,Standard
00103474,Deploy Packages into orchestrator,09/04/2019 02:44:15,Medium,Customer Action,Arrow Electronics 002427,Orchestrator,Production,Standard
00103473,Cannot Install Package From Robot Tray,09/04/2019 02:43:35,Medium,Customer Action,,Robot,Staging,Premium
00104493,Uipath SAP Scripting Error,09/06/2019 03:07:37,Medium,Customer Action,Chevron,Studio,Development,Standard
00104451,Need Support to Resolve UiPath Crashed Issue.,09/05/2019 23:52:24,Urgent,Customer Action,Audit Services 047234,Robot,Production,Standard
00104383,"SAP Automation. Information required beyond what is available on ""docs.uipath.com""",09/05/2019 21:11:33,Medium,Customer Action,United Airlines,Studio,Development,Standard
00088519,Load Python Script activity parsing error,07/19/2019 15:24:44,High,Customer Action,Nielsen,Studio,Development,Standard
